"SA1 Personal Income Summary: Personal Income, Population, Per Capita Personal Income",,,,,,,,,,,,,,,,,,,,
 ,,,,,,,,,,,,,,,,,,,,
Bureau of Economic Analysis ,,,,,,,,,,,,,,,,,,,,
State or DC,,,,,,,,,,,,,,,,,,,,
GeoFips,GeoName,LineCode,Description,1999,2000,2001,2002,2003,2004,2005,2006,2007,2008,2009,2010,2011,2012,2013,2014,2015
0,United States,1,Personal income (thousands of dollars),7988183000,8634847000,8987890000,9150761000,9484225000,10047876000,10610320000,11381350000,11995419000,12492705000,12079444000,12459613000,13233436000,13904485000,14068960000,14801624000,15463981000
0,United States,2,Population (persons) 1/,279040168,282162411,284968955,287625193,290107933,292805298,295516599,298379912,301231207,304093966,306771529,309346863,311718857,314102623,316427395,318907401,321418820
0,United States,3,Per capita personal income (dollars) 2/,28627,30602,31540,31815,32692,34316,35904,38144,39821,41082,39376,40277,42453,44267,44462,46414,48112
1000,Alabama,1,Personal income (thousands of dollars),103105812,108000944,111693478,114176585,119399497,128541881,136187496,144954288,152246048,157727573,155513766,161256950,166595407,170881367,172789879,178976771,184784917
1000,Alabama,2,Population (persons) 1/,4430141,4452173,4467634,4480089,4503491,4530729,4569805,4628981,4672840,4718206,4757938,4785161,4801108,4816089,4830533,4846411,4858979
1000,Alabama,3,Per capita personal income (dollars) 2/,23274,24258,25001,25485,26513,28371,29802,31315,32581,33430,32685,33699,34699,35481,35770,36930,38030
2000,Alaska*,1,Personal income (thousands of dollars),18429969,19875476,20981151,22013624,23077755,24255862,25928163,27582437,29744447,32853999,32731783,34711427,37151409,38490699,37916014,40229123,41460746
2000,Alaska*,2,Population (persons) 1/,624779,627963,633714,642337,648414,659286,666946,675302,680300,687455,698895,714021,722720,731228,737442,737046,738432
2000,Alaska*,3,Per capita personal income (dollars) 2/,29498,31651,33108,34271,35591,36791,38876,40845,43723,47791,46834,48614,51405,52638,51416,54582,56147
4000,Arizona,1,Personal income (thousands of dollars),124514127,135372547,141148475,146532203,155206313,169446981,188531565,209240727,220503346,224317885,214058229,215052605,225838885,236220305,242181504,255731845,267361132
4000,Arizona,2,Population (persons) 1/,5023823,5160586,5273477,5396255,5510364,5652404,5839077,6029141,6167681,6280362,6343154,6408208,6468732,6553262,6630799,6728783,6828065
4000,Arizona,3,Per capita personal income (dollars) 2/,24785,26232,26766,27154,28166,29978,32288,34705,35751,35717,33746,33559,34912,36046,36524,38006,39156
5000,Arkansas,1,Personal income (thousands of dollars),57896065,61029036,64205009,65583321,69393101,73711023,77736622,82701324,88227922,92390681,90880167,92913782,99296630,106664517,106466207,111500761,113923539
5000,Arkansas,2,Population (persons) 1/,2651860,2678588,2691571,2705927,2724816,2749686,2781097,2821761,2848650,2874554,2896843,2922394,2938538,2949499,2957957,2966835,2978204
5000,Arkansas,3,Per capita personal income (dollars) 2/,21832,22784,23854,24237,25467,26807,27952,29308,30972,32141,31372,31794,33791,36164,35993,37582,38252
6000,California,1,Personal income (thousands of dollars),1020864222,1124844038,1160964629,1182174837,1242098548,1335871248,1415940822,1524919622,1583851546,1616530437,1560649328,1617134250,1727433579,1838567162,1861956514,1977923740,2103669473
6000,California,2,Population (persons) 1/,33499204,33987977,34479458,34871843,35253159,35574576,35827943,36021202,36250311,36604337,36961229,37334079,37700034,38056055,38414128,38792291,39144818
6000,California,3,Per capita personal income (dollars) 2/,30474,33095,33671,33901,35234,37551,39521,42334,43692,44162,42224,43315,45820,48312,48471,50988,53741
8000,Colorado,1,Personal income (thousands of dollars),132118052,147226744,154592304,156288493,159102588,164456627,176129181,189492643,201743269,208608111,198082468,201569924,219860916,234005901,246648165,266534568,277731754
8000,Colorado,2,Population (persons) 1/,4226018,4326921,4425687,4490406,4528732,4575013,4631888,4720423,4803868,4889730,4972195,5048254,5119480,5191731,5271132,5355588,5456574
8000,Colorado,3,Per capita personal income (dollars) 2/,31263,34026,34931,34805,35132,35947,38025,40143,41996,42663,39838,39929,42946,45073,46792,49768,50899
9000,Connecticut,1,Personal income (thousands of dollars),134862911,147686418,155411804,155702576,158426538,166799800,176139627,190614991,204296045,217101744,215234464,222404940,229211506,233710888,230614799,239829273,246709339
9000,Connecticut,2,Population (persons) 1/,3386401,3411777,3432835,3458749,3484336,3496094,3506956,3517460,3527270,3545579,3561807,3579717,3589759,3593541,3597168,3594762,3590886
9000,Connecticut,3,Per capita personal income (dollars) 2/,39825,43287,45272,45017,45468,47710,50226,54191,57919,61232,60428,62129,63852,65036,64110,66716,68704
10000,Delaware,1,Personal income (thousands of dollars),24409278,27074544,29773066,30513129,31236735,32401002,33357539,35524883,36468376,36974073,36843966,36971906,39687435,39953950,40565882,42384341,45057962
10000,Delaware,2,Population (persons) 1/,774990,786373,795699,806169,818003,830803,845150,859268,871749,883874,891730,899791,907916,917099,925353,935968,945934
10000,Delaware,3,Per capita personal income (dollars) 2/,31496,34430,37417,37850,38187,39000,39469,41343,41834,41832,41317,41089,43713,43566,43838,45284,47633
11000,District of Columbia,1,Personal income (thousands of dollars),22342023,24542346,25709919,26107920,26408223,28989462,30551489,32542965,34651082,36034466,35532577,37436702,40811859,42309871,43195599,46438822,49275917
11000,District of Columbia,2,Population (persons) 1/,570213,572046,574504,573158,568502,567754,567136,570681,574404,580236,592228,605126,620472,635342,649540,659836,672228
11000,District of Columbia,3,Per capita personal income (dollars) 2/,39182,42903,44752,45551,46452,51060,53870,57025,60325,62103,59998,61866,65776,66594,66502,70379,73302
12000,Florida,1,Personal income (thousands of dollars),441185618,477315998,503630546,522698930,546581820,593212601,647093731,703750490,730814302,734691254,691355724,728063852,773315948,793103892,798885890,853317759,900636248
12000,Florida,2,Population (persons) 1/,15759421,16047515,16356966,16689370,17004085,17415318,17842038,18166990,18367842,18527305,18652644,18849890,19105533,19352021,19594467,19905569,20271272
12000,Florida,3,Per capita personal income (dollars) 2/,27995,29744,30790,31319,32144,34063,36268,38738,39788,39655,37065,38624,40476,40983,40771,42868,44429
13000,Georgia,1,Personal income (thousands of dollars),218400986,236451759,248516259,254655443,264265063,279349989,296929387,317384082,332074930,335573645,330586251,336504092,359778107,365480928,371155912,392123784,411721423
13000,Georgia,2,Population (persons) 1/,8045965,8227303,8377038,8508256,8622793,8769252,8925922,9155813,9349988,9504843,9620846,9713454,9812280,9917639,9991562,10097132,10214860
13000,Georgia,3,Per capita personal income (dollars) 2/,27144,28740,29666,29930,30647,31856,33266,34665,35516,35306,34361,34643,36666,36852,37147,38835,40306
15000,Hawaii*,1,Personal income (thousands of dollars),33645376,35680722,37214473,38922238,40763715,43952173,47220711,50618308,53206947,56050035,55852773,56908597,59072082,61836090,62784498,65993420,69129101
15000,Hawaii*,2,Population (persons) 1/,1210300,1213519,1225948,1239613,1251154,1273569,1292729,1309731,1315675,1332213,1346717,1363980,1378227,1392641,1408765,1420257,1431603
15000,Hawaii*,3,Per capita personal income (dollars) 2/,27799,29403,30356,31399,32581,34511,36528,38648,40441,42073,41473,41722,42861,44402,44567,46466,48288
16000,Idaho,1,Personal income (thousands of dollars),30162818,32598344,34065858,35094185,36387793,39464798,41863825,46053410,49037046,50680252,48865949,49842157,52744839,55370347,57581151,60737986,63535406
16000,Idaho,2,Population (persons) 1/,1275674,1299430,1319962,1340372,1363380,1391802,1428241,1468669,1505105,1534320,1554439,1570986,1584134,1596097,1612785,1634806,1654930
16000,Idaho,3,Per capita personal income (dollars) 2/,23645,25087,25808,26182,26689,28355,29311,31357,32580,33031,31436,31727,33296,34691,35703,37153,38392
17000,Illinois,1,Personal income (thousands of dollars),383408287,412843444,426266101,431913030,439257453,456106668,474731421,507325828,536586280,552691325,524590671,535463835,562292466,587601163,600782652,624892159,646789116
17000,Illinois,2,Population (persons) 1/,12359020,12434161,12488445,12525556,12556006,12589773,12609903,12643955,12695866,12747038,12796778,12841249,12861882,12875167,12889580,12882189,12859995
17000,Illinois,3,Per capita personal income (dollars) 2/,31023,33202,34133,34483,34984,36228,37648,40124,42265,43358,40994,41699,43718,45638,46610,48508,50295
18000,Indiana,1,Personal income (thousands of dollars),160634031,171538788,175890307,178158904,182215699,189976741,195121894,207376568,215098965,225759917,220157359,227692069,242797724,253770962,257170310,266952598,277628668
18000,Indiana,2,Population (persons) 1/,6044969,6091866,6127760,6155967,6196638,6233007,6278616,6332669,6379599,6424806,6459325,6490590,6516845,6538283,6570518,6597880,6619680
18000,Indiana,3,Per capita personal income (dollars) 2/,26573,28159,28704,28941,29406,30479,31077,32747,33717,35139,34084,35080,37257,38813,39140,40460,41940
19000,Iowa,1,Personal income (thousands of dollars),75382397,80584533,82906560,84963006,86723292,94120989,96668245,102703805,110015525,117010217,113322375,115762598,125236725,130989989,133536267,138125908,143393977
19000,Iowa,2,Population (persons) 1/,2917634,2929067,2931997,2934234,2941999,2953635,2964454,2982644,2999212,3016734,3032870,3050694,3065389,3076636,3092224,3109481,3123899
19000,Iowa,3,Per capita personal income (dollars) 2/,25837,27512,28276,28956,29478,31866,32609,34434,36681,38787,37365,37946,40855,42576,43185,44421,45902
20000,Kansas,1,Personal income (thousands of dollars),72401435,76512050,79087763,79737565,82089882,83860092,88583966,97677245,105406658,115633816,111052352,112083904,122014751,129292297,132683659,134654953,137316497
20000,Kansas,2,Population (persons) 1/,2678338,2693681,2702162,2713535,2723004,2734373,2745299,2762931,2783785,2808076,2832704,2858824,2869917,2886281,2894630,2902507,2911641
20000,Kansas,3,Per capita personal income (dollars) 2/,27032,28404,29268,29385,30147,30669,32268,35353,37865,41179,39204,39206,42515,44795,45838,46393,47161
21000,Kentucky,1,Personal income (thousands of dollars),93068131,100491384,103880570,106192366,109033108,115700799,121353573,128434393,134438098,141421812,139458607,143617957,150669444,155996922,156589351,163526197,170755826
21000,Kentucky,2,Population (persons) 1/,4018053,4049021,4068132,4089875,4117170,4146101,4182742,4219239,4256672,4289878,4317074,4347937,4367882,4382667,4398500,4412617,4425092
21000,Kentucky,3,Per capita personal income (dollars) 2/,23162,24819,25535,25965,26483,27906,29013,30440,31583,32966,32304,33031,34495,35594,35601,37059,38588
22000,Louisiana,1,Personal income (thousands of dollars),100305802,105949826,113246437,116334048,119821189,125152478,134652952,143175909,156538878,167648484,162974620,169191480,174541004,184226805,185533619,194377951,200594438
22000,Louisiana,2,Population (persons) 1/,4460811,4471885,4477875,4497267,4521042,4552238,4576628,4302665,4375581,4435586,4491648,4544951,4575381,4603676,4627491,4648990,4670724
22000,Louisiana,3,Per capita personal income (dollars) 2/,22486,23692,25290,25868,26503,27493,29422,33276,35776,37796,36284,37226,38148,40017,40094,41811,42947
23000,Maine,1,Personal income (thousands of dollars),32458107,34921210,36849361,38155280,40067729,42132540,43083415,45402329,47187502,49226384,49130870,49827077,51714022,52877607,52724616,54860192,56893803
23000,Maine,2,Population (persons) 1/,1266808,1277072,1285692,1295960,1306513,1313688,1318787,1323619,1327040,1330509,1329590,1327695,1328257,1328888,1328778,1330256,1329328
23000,Maine,3,Per capita personal income (dollars) 2/,25622,27345,28661,29442,30668,32072,32669,34302,35558,36998,36952,37529,38934,39791,39679,41240,42799
24000,Maryland,1,Personal income (thousands of dollars),173346881,188470846,198998650,205604275,214734120,230472764,242159114,257913392,267773656,280994770,279900870,288737386,304387669,314159795,312369522,322884651,336187435
24000,Maryland,2,Population (persons) 1/,5254509,5311034,5374691,5440389,5496269,5546935,5592379,5627367,5653408,5684965,5730388,5788409,5844171,5890740,5936040,5975346,6006401
24000,Maryland,3,Per capita personal income (dollars) 2/,32990,35487,37025,37792,39069,41550,43302,45832,47365,49428,48845,49882,52084,53331,52623,54036,55972
25000,Massachusetts,1,Personal income (thousands of dollars),220155896,245201225,255544975,255764186,262071401,274807343,287134553,309652139,324259926,338218622,335086775,348325560,365190182,380785092,383509900,402628928,425352524
25000,Massachusetts,2,Population (persons) 1/,6317345,6361104,6397634,6417206,6422565,6412281,6403290,6410084,6431559,6468967,6517613,6565036,6611797,6657780,6708810,6755124,6794422
25000,Massachusetts,3,Per capita personal income (dollars) 2/,34849,38547,39944,39856,40805,42856,44842,48307,50417,52283,51412,53058,55233,57194,57165,59603,62603
26000,Michigan,1,Personal income (thousands of dollars),283455635,302464029,307585685,307775244,314347960,323453268,329803615,337588867,346957762,354545792,336321819,347723348,369367635,382627062,388175044,405974703,424807490
26000,Michigan,2,Population (persons) 1/,9897116,9952450,9991120,10015710,10041152,10055315,10051137,10036081,10001284,9946889,9901591,9877369,9876589,9886879,9900506,9916306,9922576
26000,Michigan,3,Per capita personal income (dollars) 2/,28640,30391,30786,30729,31306,32167,32813,33638,34691,35644,33966,35204,37398,38700,39208,40940,42812
27000,Minnesota,1,Personal income (thousands of dollars),146855175,159096888,165450224,169411366,177754072,188490101,193390784,203478772,214836931,225518558,215149426,223700193,238638075,254020529,256039772,268126460,279262704
27000,Minnesota,2,Population (persons) 1/,4873481,4933692,4982796,5018935,5053572,5087713,5119598,5163555,5207203,5247018,5281203,5310903,5348119,5380443,5420541,5457125,5489594
27000,Minnesota,3,Per capita personal income (dollars) 2/,30134,32247,33204,33754,35174,37048,37775,39407,41258,42980,40739,42121,44621,47212,47235,49133,50871
28000,Mississippi,1,Personal income (thousands of dollars),58160798,61339361,64911727,65905820,68443211,72400140,77222001,80500778,85615593,90094129,88174096,90800430,94576285,98264480,99663477,102192019,104045259
28000,Mississippi,2,Population (persons) 1/,2828408,2848353,2852994,2858681,2868312,2889010,2905943,2904978,2928350,2947806,2958774,2970316,2977999,2985660,2990976,2993443,2992333
28000,Mississippi,3,Per capita personal income (dollars) 2/,20563,21535,22752,23055,23862,25061,26574,27711,29237,30563,29801,30569,31758,32912,33321,34139,34771
29000,Missouri,1,Personal income (thousands of dollars),146737008,156903173,162089578,165486900,172068839,181545945,187778625,199490640,209373311,220897747,217131669,220251923,229108112,240120072,240825428,249263293,257338334
29000,Missouri,2,Population (persons) 1/,5561948,5607285,5641142,5674825,5709403,5747741,5790300,5842704,5887612,5923916,5961088,5996052,6010587,6025468,6043708,6063827,6083672
29000,Missouri,3,Per capita personal income (dollars) 2/,26382,27982,28733,29162,30138,31586,32430,34144,35562,37289,36425,36733,38117,39851,39847,41107,42300
30000,Montana,1,Personal income (thousands of dollars),19763448,21071643,22053487,22725980,24262268,26159065,27982487,30304534,32610254,34611922,33768763,35125691,37698478,40027400,40074179,41542641,43186928
30000,Montana,2,Population (persons) 1/,897507,903773,906961,911667,919630,930009,940102,952692,964706,976415,983982,990643,997746,1005157,1014402,1023252,1032949
30000,Montana,3,Per capita personal income (dollars) 2/,22020,23315,24316,24928,26383,28128,29765,31809,33803,35448,34318,35457,37784,39822,39505,40599,41809
31000,Nebraska,1,Personal income (thousands of dollars),46794157,49512086,51649982,52771054,56076719,58506442,60120755,62951389,67917175,72300017,71103994,74149336,82656406,85485324,85722866,90988217,92048473
31000,Nebraska,2,Population (persons) 1/,1704764,1713820,1719836,1728292,1738643,1749370,1761497,1772693,1783440,1796378,1812683,1830025,1842383,1855973,1869300,1882980,1896190
31000,Nebraska,3,Per capita personal income (dollars) 2/,27449,28890,30032,30534,32253,33444,34130,35512,38082,40248,39226,40518,44864,46060,45858,48321,48544
32000,Nevada,1,Personal income (thousands of dollars),58542856,64403145,68307123,70519000,75123100,83711491,93970899,100730483,104399125,103001444,97399708,99534123,103259252,107930003,108503500,114922561,121095970
32000,Nevada,2,Population (persons) 1/,1934718,2018741,2098399,2173791,2248850,2346222,2432143,2522658,2601072,2653630,2684665,2703440,2718819,2754874,2790366,2838281,2890845
32000,Nevada,3,Per capita personal income (dollars) 2/,30259,31903,32552,32441,33405,35679,38637,39930,40137,38815,36280,36818,37979,39178,38885,40490,41889
33000,New Hampshire,1,Personal income (thousands of dollars),39010030,43966312,46228337,47123075,48126373,51105354,53136817,57259284,59325737,61011388,60201229,62087848,65339834,68481909,68261645,71219034,74388007
33000,New Hampshire,2,Population (persons) 1/,1222014,1239882,1255517,1269089,1279840,1290121,1298492,1308389,1312540,1315906,1316102,1316708,1318344,1321393,1322660,1327996,1330608
33000,New Hampshire,3,Per capita personal income (dollars) 2/,31923,35460,36820,37131,37603,39613,40922,43763,45199,46365,45742,47154,49562,51826,51609,53629,55905
34000,New Jersey,1,Personal income (thousands of dollars),301576276,332255755,344672849,353295773,363070991,379117636,392400318,418875514,438838772,455850397,442746079,451895490,473742591,490610937,494040279,516019664,537026391
34000,New Jersey,2,Population (persons) 1/,8359592,8430621,8492671,8552643,8601402,8634561,8651974,8661679,8677885,8711090,8755602,8803881,8842934,8874893,8907384,8938844,8958013
34000,New Jersey,3,Per capita personal income (dollars) 2/,36075,39411,40585,41308,42211,43907,45354,48360,50570,52330,50567,51329,53573,55281,55464,57728,59949
35000,New Mexico,1,Personal income (thousands of dollars),38829685,41839377,45083587,46519758,48555144,51749008,55562615,59578677,63091733,67250834,66243018,68361950,72175501,73822778,72465608,76449091,79104093
35000,New Mexico,2,Population (persons) 1/,1808082,1821204,1831690,1855309,1877574,1903808,1932274,1962137,1990070,2010662,2036802,2064741,2078226,2084792,2086890,2085567,2085109
35000,New Mexico,3,Per capita personal income (dollars) 2/,21476,22973,24613,25074,25861,27182,28755,30364,31703,33447,32523,33109,34729,35410,34724,36656,37938
36000,New York,1,Personal income (thousands of dollars),635108291,682613900,709589003,709926775,723980267,759622890,793176071,849172187,908162948,927888435,905801349,934270262,991352307,1053660783,1072125105,1119433988,1161414144
36000,New York,2,Population (persons) 1/,18882725,19001780,19082838,19137800,19175939,19171567,19132610,19104631,19132335,19212436,19307066,19402920,19523202,19606981,19691032,19748858,19795791
36000,New York,3,Per capita personal income (dollars) 2/,33634,35924,37185,37096,37755,39622,41457,44448,47467,48296,46916,48151,50778,53739,54447,56683,58670
37000,North Carolina,1,Personal income (thousands of dollars),207864019,221218690,227904776,231273894,240333313,261816800,280648703,304185004,328369034,351987808,338669437,337729995,352009519,376200549,372140736,391300375,409338338
37000,North Carolina,2,Population (persons) 1/,7949361,8081614,8210122,8326201,8422501,8553152,8705407,8917270,9118037,9309449,9449566,9558979,9651025,9747021,9845432,9940387,10042802
37000,North Carolina,3,Per capita personal income (dollars) 2/,26149,27373,27759,27777,28535,30611,32238,34112,36013,37810,35840,35331,36474,38596,37798,39365,40759
38000,North Dakota,1,Personal income (thousands of dollars),15335245,16695390,17036787,17427613,18918969,19195772,20365614,21301444,23713934,27100616,26687878,29450250,33306563,39449209,40296443,42848356,42349688
38000,North Dakota,2,Population (persons) 1/,644259,642023,639062,638168,638817,644705,646089,649422,652822,657569,664968,674530,685326,702265,723626,740040,756927
38000,North Dakota,3,Per capita personal income (dollars) 2/,23803,26004,26659,27309,29616,29775,31521,32801,36325,41213,40134,43660,48600,56174,55687,57900,55950
39000,Ohio,1,Personal income (thousands of dollars),308082449,323964530,332936158,337415971,347533465,362702364,372826780,392059624,408126658,422401501,410538372,419569872,448119917,465139834,470745086,488867951,505950314
39000,Ohio,2,Population (persons) 1/,11335454,11363543,11387404,11407889,11434788,11452251,11463320,11481213,11500468,11515391,11528896,11540766,11545442,11551783,11572232,11596998,11613423
39000,Ohio,3,Per capita personal income (dollars) 2/,27179,28509,29237,29577,30393,31671,32523,34148,35488,36681,35610,36355,38814,40266,40679,42155,43566
40000,Oklahoma,1,Personal income (thousands of dollars),76587362,82845740,87908711,89658607,93650150,101088757,110225753,122267011,127684113,142149545,129819128,135011290,145616058,156874413,164437285,175037452,178250475
40000,Oklahoma,2,Population (persons) 1/,3437147,3454365,3467100,3489080,3504892,3525233,3548597,3594090,3634349,3668976,3717572,3759596,3786626,3817679,3853405,3879610,3911338
40000,Oklahoma,3,Per capita personal income (dollars) 2/,22282,23983,25355,25697,26720,28676,31062,34019,35133,38744,34920,35911,38455,41092,42673,45117,45573
41000,Oregon,1,Personal income (thousands of dollars),90890592,98075500,100335404,101591994,105823776,112209856,117144304,127457878,133476862,140004731,134859864,136986770,144632521,152489633,155147986,165559773,176401260
41000,Oregon,2,Population (persons) 1/,3393941,3429708,3467937,3513424,3547376,3569463,3613202,3670883,3722417,3768748,3808600,3837972,3868509,3899444,3928030,3971202,4028977
41000,Oregon,3,Per capita personal income (dollars) 2/,26780,28596,28932,28915,29832,31436,32421,34721,35858,37149,35409,35692,37387,39105,39498,41690,43783
42000,Pennsylvania,1,Personal income (thousands of dollars),348998963,373211236,385683541,393464126,407904130,433338099,451274953,476162792,506357616,528853951,515485777,533929583,561012102,585851545,589491588,613524377,636857158
42000,Pennsylvania,2,Population (persons) 1/,12263805,12284173,12298970,12331031,12374658,12410722,12449990,12510809,12563937,12612285,12666858,12712014,12745202,12772789,12783536,12793767,12802503
42000,Pennsylvania,3,Per capita personal income (dollars) 2/,28458,30381,31359,31908,32963,34916,36247,38060,40302,41932,40696,42002,44018,45867,46113,47955,49745
44000,Rhode Island,1,Personal income (thousands of dollars),29541596,31806725,33489344,34889728,36717553,38423751,39434531,41573771,43256752,44285471,43131954,45023318,46640595,48601350,48771792,50660274,52833501
44000,Rhode Island,2,Population (persons) 1/,1040402,1050268,1057142,1065995,1071342,1074579,1067916,1063096,1057315,1055003,1053646,1053219,1051856,1052393,1052856,1054907,1056298
44000,Rhode Island,3,Per capita personal income (dollars) 2/,28394,30284,31679,32730,34272,35757,36927,39106,40912,41977,40936,42748,44341,46182,46323,48023,50018
45000,South Carolina,1,Personal income (thousands of dollars),93658381,100288596,103768987,106587924,110293923,117121439,123655488,133248360,142015184,148898634,145201638,149093360,157952965,166397814,168267898,178001545,187532342
45000,South Carolina,2,Population (persons) 1/,3974682,4024223,4064995,4107795,4150297,4210921,4270150,4357847,4444110,4528996,4589872,4635894,4672733,4721341,4768498,4829160,4896146
45000,South Carolina,3,Per capita personal income (dollars) 2/,23564,24921,25527,25948,26575,27814,28958,30577,31956,32877,31635,32161,33803,35244,35287,36860,38302
46000,South Dakota,1,Personal income (thousands of dollars),19027288,20262966,21096085,21170798,23124408,24781741,26189694,27564810,30658501,33012790,31898690,33520714,36791498,37583819,37709126,39222985,41104237
46000,South Dakota,2,Population (persons) 1/,750412,755844,757972,760020,763729,770396,775493,783033,791623,799124,807067,816299,824289,834631,845270,853304,858469
46000,South Dakota,3,Per capita personal income (dollars) 2/,25356,26808,27832,27856,30278,32168,33772,35203,38729,41311,39524,41064,44634,45030,44612,45966,47881
47000,Tennessee,1,Personal income (thousands of dollars),146049690,154881000,159025404,162808694,169829047,180011461,188355736,200622515,210695574,220669541,218408222,226633982,239633734,250285838,252091031,263437186,277832327
47000,Tennessee,2,Population (persons) 1/,5638706,5703719,5750789,5795918,5847812,5910809,5991057,6088766,6175727,6247411,6306019,6356585,6398408,6455469,6496130,6547779,6600299
47000,Tennessee,3,Per capita personal income (dollars) 2/,25901,27154,27653,28090,29041,30455,31439,32950,34117,35322,34635,35653,37452,38771,38806,40233,42094
48000,Texas,1,Personal income (thousands of dollars),540829905,589484088,626675708,633447887,656271300,684161109,746963828,817777478,872964318,961039866,910107802,956561930,1047017041,1125709687,1148928546,1234438147,1289603627
48000,Texas,2,Population (persons) 1/,20558220,20944499,21319622,21690325,22030931,22394023,22778123,23359580,23831983,24309039,24801761,25244363,25654464,26089741,26500674,26979078,27469114
48000,Texas,3,Per capita personal income (dollars) 2/,26307,28145,29394,29204,29789,30551,32793,35008,36630,39534,36695,37892,40812,43148,43355,45755,46947
49000,Utah,1,Personal income (thousands of dollars),50652670,54178312,56628923,58314909,60553026,64580222,70680942,78678689,85634720,90362956,86110566,87931071,94918680,101508754,104664413,110843820,117763901
49000,Utah,2,Population (persons) 1/,2203482,2244502,2283715,2324815,2360137,2401580,2457719,2525507,2597746,2663029,2723421,2775426,2816440,2856343,2903685,2944498,2995919
49000,Utah,3,Per capita personal income (dollars) 2/,22988,24138,24797,25084,25657,26891,28759,31154,32965,33932,31619,31682,33702,35538,36045,37644,39308
50000,Vermont,1,Personal income (thousands of dollars),16297359,17620319,18675843,19133676,19894962,21105387,21536171,23011821,24232173,25494389,25130695,25612435,27220129,28120420,28592608,29548584,30417564
50000,Vermont,2,Population (persons) 1/,604683,609618,612223,615442,617858,619920,621215,622892,623481,624151,624817,625984,626687,626398,627129,626767,626042
50000,Vermont,3,Per capita personal income (dollars) 2/,26952,28904,30505,31089,32200,34045,34668,36944,38866,40847,40221,40915,43435,44892,45593,47144,48587
51000,Virginia,1,Personal income (thousands of dollars),214416625,232452949,245204706,250408311,265269500,284567184,305504952,327318432,345335541,358043492,350577657,363888979,385615411,403880401,400660395,417276976,436349531
51000,Virginia,2,Population (persons) 1/,7000174,7105817,7198362,7286873,7366977,7475575,7577105,7673725,7751000,7833496,7925937,8025787,8110783,8193374,8267875,8328098,8382993
51000,Virginia,3,Per capita personal income (dollars) 2/,30630,32713,34064,34364,36008,38066,40319,42654,44554,45707,44232,45340,47544,49294,48460,50105,52052
53000,Washington,1,Personal income (thousands of dollars),181382731,194093106,198547288,202782060,210413123,226511608,236271199,257104210,279088841,293949341,278991093,284523758,301567633,326408854,333168842,355676661,372125338
53000,Washington,2,Population (persons) 1/,5842564,5910512,5985722,6052349,6104115,6178645,6257305,6370753,6461587,6562231,6667426,6743060,6823229,6897292,6973281,7063166,7170351
53000,Washington,3,Per capita personal income (dollars) 2/,31045,32839,33170,33505,34471,36660,37759,40357,43192,44794,41844,42195,44197,47324,47778,50357,51898
54000,West Virginia,1,Personal income (thousands of dollars),38018141,40261164,42471414,44197564,45005686,46491347,48411990,51923737,53779085,57551409,58042232,59487163,63067998,64623761,64207088,66145384,67787227
54000,West Virginia,2,Population (persons) 1/,1811799,1807021,1801481,1805414,1812295,1816438,1820492,1827912,1834052,1840310,1847775,1854225,1854948,1856283,1852985,1848751,1844128
54000,West Virginia,3,Per capita personal income (dollars) 2/,20984,22280,23576,24481,24834,25595,26593,28406,29323,31273,31412,32082,34000,34814,34651,35778,36758
55000,Wisconsin,1,Personal income (thousands of dollars),149267176,159511065,167125085,171731780,175771213,183318375,189528086,201536159,210810973,219283413,215498897,219627970,232664321,243576466,245382484,255753166,264987588
55000,Wisconsin,2,Population (persons) 1/,5332666,5373999,5406835,5445162,5479203,5514026,5546166,5577655,5610775,5640996,5669264,5690204,5709720,5726422,5743653,5759432,5771337
55000,Wisconsin,3,Per capita personal income (dollars) 2/,27991,29682,30910,31538,32080,33246,34173,36133,37573,38873,38012,38598,40749,42536,42722,44406,45914
56000,Wyoming,1,Personal income (thousands of dollars),13351225,14317733,15176559,15708575,16746950,17805527,19656998,22583362,23918986,26505381,24381004,25656916,28092250,30434827,30717840,32723587,32869550
56000,Wyoming,2,Population (persons) 1/,491780,494300,494657,500017,503453,509106,514157,522667,534876,546043,559851,564516,567768,577080,583131,584304,586107
56000,Wyoming,3,Per capita personal income (dollars) 2/,27149,28966,30681,31416,33264,34974,38232,43208,44719,48541,43549,45449,49478,52739,52677,56004,56081
91000,New England,1,Personal income (thousands of dollars),472325899,521202209,546199664,550768521,565304556,594374175,620465114,667514335,702558135,735337998,727915987,753281178,785316268,812577266,812475360,848746285,886594738
91000,New England,2,Population (persons) 1/,13837653,13949721,14041043,14122441,14182454,14206683,14216656,14245540,14279205,14340115,14403575,14468359,14526700,14580393,14637401,14689812,14727584
91000,New England,3,Per capita personal income (dollars) 2/,34133,37363,38900,39000,39859,41838,43644,46858,49201,51278,50537,52064,54060,55731,55507,57778,60200
92000,Mideast,1,Personal income (thousands of dollars),1505781712,1628168627,1694427028,1718911998,1767334466,1863941853,1942919484,2070191733,2192252450,2266596092,2216310618,2283241329,2410993963,2526546881,2551787975,2660685843,2765819007
92000,Mideast,2,Population (persons) 1/,46105834,46386027,46619373,46841190,47034773,47162342,47239239,47334435,47473718,47684886,47943872,48212141,48483897,48697844,48892885,49052619,49180870
92000,Mideast,3,Per capita personal income (dollars) 2/,32659,35100,36346,36697,37575,39522,41129,43735,46178,47533,46227,47358,49728,51882,52191,54241,56238
93000,Great Lakes,1,Personal income (thousands of dollars),1284847578,1370321856,1409803336,1426994929,1459125790,1515557416,1562011796,1645887046,1717580638,1774681948,1707107118,1750077094,1855242063,1932715487,1962255576,2042440577,2120163176
93000,Great Lakes,2,Population (persons) 1/,44969225,45216019,45401564,45550284,45707787,45844372,45949142,46071573,46187992,46275120,46355854,46440178,46510478,46578534,46676489,46752805,46787011
93000,Great Lakes,3,Per capita personal income (dollars) 2/,28572,30306,31052,31328,31923,33059,33994,35725,37187,38351,36826,37685,39889,41494,42039,43686,45315
94000,Plains,1,Personal income (thousands of dollars),522532705,559567086,579316979,590968302,616756181,650501082,673097683,715168105,761922035,811473761,786346384,808918918,867752130,916941239,926813561,963230172,992813910
94000,Plains,2,Population (persons) 1/,19130836,19275412,19374967,19468009,19569167,19687933,19802730,19956982,20105697,20248815,20392583,20537327,20646010,20761697,20889299,21009264,21120392
94000,Plains,3,Per capita personal income (dollars) 2/,27314,29030,29900,30356,31517,33041,33990,35835,37896,40075,38560,39388,42030,44165,44368,45848,47007
95000,Southeast,1,Personal income (thousands of dollars),1772130068,1899680707,1988459313,2040822900,2127668458,2278077142,2437752631,2618199312,2760150189,2856698462,2769842417,2859182022,3017052452,3136007274,3148451483,3312176708,3465301415
95000,Southeast,2,Population (persons) 1/,68569381,69497232,70317959,71151666,71961591,73019229,74148386,75065947,76122849,77057840,77814936,78565573,79266618,79980739,80622406,81365172,82177832
95000,Southeast,3,Per capita personal income (dollars) 2/,25844,27335,28278,28683,29567,31198,32877,34879,36259,37072,35595,36392,38062,39210,39052,40708,42168
96000,Southwest,1,Personal income (thousands of dollars),780761079,849541752,900816481,916158455,953682907,1006445855,1101283761,1208863893,1284243510,1394758130,1320228177,1374987775,1490647485,1592627183,1628012943,1741656535,1814319327
96000,Southwest,2,Population (persons) 1/,30827272,31380654,31891889,32430969,32923761,33475468,34098071,34944948,35624083,36269039,36899289,37476908,37988048,38545474,39071768,39673038,40293626
96000,Southwest,3,Per capita personal income (dollars) 2/,25327,27072,28246,28249,28966,30065,32298,34593,36050,38456,35779,36689,39240,41318,41667,43900,45027
97000,Rocky Mountain,1,Personal income (thousands of dollars),246048213,269392776,282517131,288132142,297052625,312466239,336313433,367112638,392944275,410768622,391208750,400125759,433315163,461347229,479685748,512382602,535087539
97000,Rocky Mountain,2,Population (persons) 1/,9094461,9268926,9430982,9567277,9675332,9807510,9972107,10189958,10406301,10609537,10793888,10949825,11085568,11226408,11385135,11542448,11726479
97000,Rocky Mountain,3,Per capita personal income (dollars) 2/,27055,29064,29956,30116,30702,31860,33725,36027,37760,38717,36244,36542,39088,41095,42133,44391,45631
98000,Far West,1,Personal income (thousands of dollars),1403755746,1536971987,1586350068,1618003753,1697300017,1826512238,1936476098,2088412938,2183767768,2242389987,2160484549,2229798925,2373116476,2525722441,2559477354,2720305278,2883881888
98000,Far West,2,Population (persons) 1/,46505506,47188420,47891178,48493357,49053068,49601761,50090268,50570529,51031362,51608614,52167532,52696552,53211538,53731534,54252012,54822243,55405026
98000,Far West,3,Per capita personal income (dollars) 2/,30185,32571,33124,33365,34601,36824,38660,41297,42793,43450,41414,42314,44598,47006,47178,49620,52051
Legend / Footnotes:,,,,,,,,,,,,,,,,,,,,
1/ Census Bureau midyear population estimate. Estimates for 2010-2015 reflect Census Bureau midyear state population estimates available as of December 2015.,,,,,,,,,,,,,,,,,,,,
2/ Per capita personal income is total personal income divided by total midyear population.,,,,,,,,,,,,,,,,,,,,
* Estimates prior to 1950 are not available for Alaska and Hawaii.,,,,,,,,,,,,,,,,,,,,
Note-- All dollar estimates are in current dollars (not adjusted for inflation).,,,,,,,,,,,,,,,,,,,,
"Last updated: September 28, 2016-- revised estimates for 1998-2015.",,,,,,,,,,,,,,,,,,,,
